customer_id,age,gender,monthly_income,tenure_months,purchases,spend,contract_type
1,39,Female,36548.0,15,5,3656.54,Monthly
2,33,,28098.0,20,0,3508.88,Monthly
3,40,Female,26320.0,7,3,3047.34,Monthly
4,49,Male,52272.0,8,0,1276.91,Monthly
5,32,Female,29635.0,4,3,1421.02,Annual
6,32,Male,,7,1,3337.21,Annual
7,50,Male,20017.0,11,4,440.89,Monthly
8,42,Female,65357.0,31,5,4215.16,Monthly
9,29,Male,47532.0,6,1,2810.22,Annual
10,39,Male,43839.0,50,3,6891.71,Monthly
11,29,Male,38461.0,21,3,5769.5,Quarterly
12,29,Male,49790.0,18,3,2782.26,Annual
13,36,Female,44548.0,14,2,2872.4,Monthly
14,18,Male,58240.0,12,3,4194.7,Monthly
15,18,,46371.0,8,3,5043.81,Annual
16,28,Female,46804.0,4,4,1034.37,Monthly
17,24,Male,40637.0,7,3,856.35,Monthly
18,37,Female,44317.0,38,1,2253.56,Monthly
19,25,Female,48694.0,20,2,3699.29,Monthly
20,20,Female,24478.0,38,4,3596.25,Quarterly
21,49,Male,28822.0,8,1,4283.73,Quarterly
22,32,Female,53919.0,5,4,1560.36,Annual
23,35,Female,47050.0,14,2,220.63,Monthly
24,20,Female,42792.0,7,1,4029.62,Monthly
25,29,Male,45221.0,16,5,2006.16,Monthly
26,35,Female,49171.0,3,6,577.81,Monthly
27,22,Male,38523.0,2,1,3174.08,Monthly
28,38,Male,35660.0,18,7,3951.81,Annual
29,28,Male,47350.0,39,4,2853.53,Annual
30,31,Male,33260.0,18,3,2450.58,Monthly
31,28,Male,49899.0,20,3,2808.77,Quarterly
32,53,Male,24569.0,14,0,2555.3,Monthly
33,34,Female,57350.0,15,3,1382.34,Monthly
34,23,Male,50671.0,3,3,2142.38,Quarterly
35,42,,48072.0,7,1,3625.54,Monthly
36,22,Female,56792.0,31,0,3386.01,Annual
37,36,Male,64986.0,10,2,3201.67,Quarterly
38,18,Female,57172.0,30,4,1805.82,Monthly
39,21,Female,22910.0,15,6,2782.2,Quarterly
40,36,Female,29645.0,15,3,387.52,Monthly
41,41,Female,37502.0,10,3,3214.17,Monthly
42,36,Male,45313.0,22,2,4714.63,Monthly
43,33,Female,51212.0,26,1,1231.04,Monthly
44,31,Male,36291.0,7,0,2296.89,Quarterly
45,19,Female,47241.0,4,2,3394.93,Monthly
46,27,Female,35935.0,2,6,4503.41,Quarterly
47,29,Male,37662.0,19,6,2462.13,Monthly
48,45,Female,28120.0,18,3,2169.3,Monthly
49,37,Female,33921.0,59,3,637.29,Quarterly
50,18,Female,28780.0,14,2,3124.13,Monthly
51,37,Male,33290.0,12,5,5450.49,Monthly
52,30,Female,57644.0,16,3,3332.83,Monthly
53,27,Male,33607.0,17,2,2973.27,Monthly
54,40,Female,76589.0,12,2,3386.5,Monthly
55,44,Male,50920.0,7,2,2986.69,Quarterly
56,43,Male,47218.0,14,3,2024.38,Monthly
57,26,Female,34700.0,13,1,3987.94,Monthly
58,31,Female,53404.0,13,6,3270.91,Annual
59,37,Male,38092.0,24,4,3021.14,Monthly
60,44,Male,46464.0,13,6,1829.56,Annual
61,29,Female,75721.0,4,2,4564.21,Monthly
62,32,Male,43847.0,8,5,3797.64,Monthly
63,23,Female,58791.0,11,2,2336.49,Annual
64,22,Female,36562.0,14,3,4202.19,Monthly
65,42,Female,44580.0,20,6,2402.91,Quarterly
66,48,Female,66250.0,14,6,2061.6,Monthly
67,33,Male,37476.0,2,5,2088.36,Monthly
68,44,Female,66749.0,4,4,874.72,Monthly
69,38,Male,53493.0,21,3,3565.85,Monthly
70,28,Female,38250.0,11,1,802.63,Annual
71,38,Male,52589.0,15,4,1525.87,Monthly
72,49,Female,56671.0,10,3,509.29,Annual
73,34,Male,52462.0,8,4,2896.72,Annual
74,50,Male,26157.0,10,2,2819.62,Monthly
75,18,Female,,15,2,2607.96,Monthly
76,42,Female,42030.0,13,4,1748.91,Annual
77,35,Female,44107.0,26,4,1593.32,Annual
78,31,Female,52448.0,3,1,3557.24,Monthly
79,35,Male,47132.0,4,2,2339.34,Monthly
80,18,Female,28976.0,11,4,3379.63,Monthly
81,32,Male,49562.0,20,2,1937.7,Quarterly
82,38,Male,52327.0,23,3,3217.28,Monthly
83,49,Female,51717.0,8,5,4563.93,Quarterly
84,29,Male,57969.0,0,2,3703.4,Monthly
85,26,Male,55007.0,8,2,2505.1,Monthly
86,29,Male,50510.0,18,2,3308.64,Monthly
87,43,Male,44158.0,13,2,2711.2,Monthly
88,37,Female,25068.0,20,4,3009.46,Monthly
89,29,Female,50155.0,30,2,2609.27,Monthly
90,39,Female,47492.0,12,2,2802.8,Monthly
91,35,Female,48259.0,9,3,3254.51,Monthly
92,44,Male,29679.0,6,2,1807.97,Monthly
93,27,Male,32027.0,4,2,1780.95,Annual
94,31,Female,57638.0,3,2,1333.75,Monthly
95,30,Female,44525.0,8,5,1079.67,Monthly
96,19,Female,53178.0,27,4,1539.26,Monthly
97,37,Male,45340.0,22,4,3191.36,Annual
98,37,Female,45357.0,9,4,1928.65,Monthly
99,34,Female,56259.0,50,4,3616.34,Quarterly
100,32,Female,38807.0,8,4,3041.66,Quarterly
101,20,Male,46153.0,32,0,637.79,Quarterly
102,30,,,37,1,3785.97,Monthly
103,31,Male,39786.0,19,4,3972.96,Quarterly
104,26,Male,41290.0,7,1,1807.36,Monthly
105,32,Male,47666.0,10,4,3504.23,Monthly
106,38,Male,39255.0,15,1,1972.2,Quarterly
107,53,Male,60069.0,4,2,3117.2,Monthly
108,36,Male,34265.0,6,2,1482.6,Quarterly
109,37,Female,42758.0,5,1,848.27,Monthly
110,33,Female,39723.0,20,4,2540.62,Quarterly
111,18,Male,62364.0,30,7,2851.53,Monthly
112,34,Male,47359.0,22,3,2522.78,Monthly
113,35,Female,57382.0,26,4,1579.16,Monthly
114,59,Male,27173.0,7,5,2520.12,Annual
115,32,Male,48205.0,10,3,3323.15,Monthly
116,37,Male,55676.0,11,2,2946.13,Monthly
117,34,Female,45987.0,19,3,3219.0,Monthly
118,22,Female,,8,2,2195.86,Quarterly
119,45,Female,38793.0,25,2,4406.06,Monthly
120,42,Female,61912.0,36,4,1588.59,Monthly
121,42,Female,72587.0,19,1,3585.07,Monthly
122,25,Male,,10,5,4418.27,Monthly
123,48,Female,,6,2,3577.09,Monthly
124,20,Male,62441.0,5,3,2756.97,Monthly
125,40,Male,63955.0,2,6,2366.04,Quarterly
126,56,Female,38726.0,11,3,4243.31,Monthly
127,24,Female,39958.0,11,3,1292.43,Monthly
128,28,Male,41619.0,24,7,1835.85,Monthly
129,35,Male,28867.0,8,3,2522.93,Annual
130,29,Male,33976.0,12,1,4485.18,Annual
131,18,Female,32950.0,16,0,3455.72,Quarterly
132,35,Female,,19,3,1838.35,Monthly
133,23,Female,44584.0,22,1,2627.63,Monthly
134,39,,47811.0,15,2,2262.81,Monthly
135,25,Female,63606.0,4,1,2148.25,Monthly
136,49,Male,33020.0,18,3,4174.67,Monthly
137,26,Female,56812.0,8,1,1353.91,Quarterly
138,31,Male,42432.0,31,2,4930.54,Annual
139,42,Male,44406.0,14,4,3993.88,Quarterly
140,22,Male,53098.0,16,3,4309.03,Monthly
141,36,Female,31527.0,62,4,2444.47,Quarterly
142,47,Female,49589.0,23,2,2820.07,Monthly
143,18,Female,46997.0,18,2,1280.22,Monthly
144,36,Male,50909.0,12,3,2370.41,Quarterly
145,37,Male,48470.0,4,1,3592.39,Monthly
146,42,Male,74464.0,11,2,4555.28,Monthly
147,22,Male,37347.0,6,4,1671.41,Monthly
148,21,Male,38628.0,39,6,2561.39,Quarterly
149,39,Male,37522.0,18,4,2818.44,Quarterly
150,37,Female,38334.0,30,1,1325.05,Monthly
151,37,Female,37351.0,8,4,3709.62,Quarterly
152,37,Female,59268.0,7,4,2131.21,Monthly
153,27,Female,62046.0,21,1,2765.53,Monthly
154,36,Male,38151.0,6,5,2457.66,Quarterly
155,37,Male,,9,2,2052.79,Quarterly
156,27,Female,50657.0,40,1,2991.55,Annual
157,53,Male,38373.0,10,4,2741.27,Monthly
158,39,Female,52595.0,3,3,2553.77,Quarterly
159,22,Female,47435.0,2,3,2125.85,Quarterly
160,41,,26811.0,3,6,3383.43,Annual
161,24,Male,63570.0,31,4,4984.34,Monthly
162,42,Female,66551.0,8,9,3167.86,Quarterly
163,46,Female,37647.0,61,3,4195.34,Monthly
164,26,Female,40348.0,36,2,1331.73,Monthly
165,44,,48430.0,47,3,3189.31,Monthly
166,38,Male,49013.0,27,2,1683.16,Monthly
167,42,Female,52903.0,20,5,1227.69,Monthly
168,53,Male,69122.0,7,4,2112.75,Annual
169,32,Male,42877.0,13,3,4430.28,Monthly
170,26,Male,35420.0,22,5,4140.02,Quarterly
171,25,,28448.0,26,3,3291.61,Monthly
172,26,Male,36229.0,5,1,1160.76,Monthly
173,33,Male,44602.0,11,3,2764.46,Monthly
174,37,,66535.0,12,7,3362.04,Monthly
175,37,Male,38789.0,12,3,3210.64,Monthly
176,42,Male,47685.0,5,2,787.45,Monthly
177,34,Male,44803.0,43,5,1931.62,Monthly
178,49,Female,59261.0,11,2,2923.11,Monthly
179,31,Female,75323.0,6,4,3643.55,Monthly
180,61,Male,38630.0,44,1,364.65,Monthly
181,40,Female,39127.0,36,3,2805.45,Monthly
182,25,Female,57530.0,15,8,3171.66,Annual
183,23,Male,53183.0,9,3,4019.53,Annual
184,39,Male,67160.0,3,5,3831.43,Quarterly
185,32,Male,52007.0,19,6,3699.09,Monthly
186,41,Female,40688.0,9,5,2040.07,Quarterly
187,39,Female,52088.0,13,4,710.4,Quarterly
188,33,Male,58304.0,41,3,2528.34,Quarterly
189,26,Male,54846.0,8,4,4201.96,Monthly
190,19,Male,51087.0,19,0,4672.15,Quarterly
191,30,Female,57800.0,23,8,3852.66,Quarterly
192,43,Female,59032.0,30,2,3515.21,Monthly
193,36,Female,61586.0,12,4,3455.57,Quarterly
194,22,Female,52785.0,11,0,2332.66,Monthly
195,36,Male,42995.0,11,1,2843.93,Monthly
196,38,Male,46761.0,17,7,5002.88,Monthly
197,25,Male,59478.0,35,4,1868.93,Quarterly
198,36,Male,35197.0,11,5,4937.73,Monthly
199,35,Female,49424.0,1,1,2613.57,Monthly
200,23,Female,40280.0,25,5,4590.52,Monthly
201,38,Male,45345.0,14,1,1311.82,Monthly
202,40,Male,60341.0,19,2,3703.09,Monthly
203,45,Female,,3,1,2115.88,Quarterly
204,45,Male,45557.0,9,4,1301.68,Quarterly
205,20,Female,28682.0,23,3,3262.24,Monthly
206,25,Male,53955.0,4,1,4211.37,Monthly
207,39,Male,52746.0,19,3,1986.07,Monthly
208,39,Male,70959.0,13,2,1201.18,Annual
209,39,Male,,7,2,2889.79,Monthly
210,73,Male,47630.0,7,1,2895.08,Monthly
211,40,Male,47993.0,5,3,3657.98,Monthly
212,45,Male,63929.0,14,2,4139.51,Quarterly
213,44,Female,43856.0,15,3,2928.7,Annual
214,41,Female,48348.0,10,3,5226.6,Quarterly
215,31,Female,52295.0,5,5,3269.08,Quarterly
216,42,Female,47239.0,18,6,2584.29,Monthly
217,26,Female,39643.0,25,3,1066.12,Monthly
218,32,Male,47329.0,21,5,2684.81,Monthly
219,29,Male,57884.0,48,2,2596.34,Monthly
220,35,Female,32682.0,12,2,4152.37,Monthly
221,57,Male,,33,4,3554.98,Monthly
222,18,Female,36599.0,8,3,1584.76,Monthly
223,41,Female,59341.0,7,2,3206.71,Annual
224,18,Male,26722.0,15,1,3805.84,Quarterly
225,29,Male,38293.0,38,5,4833.64,Quarterly
226,45,Male,49527.0,11,3,4065.0,Quarterly
227,35,Female,63786.0,3,4,3913.02,Monthly
228,23,Male,44211.0,25,1,3072.1,Quarterly
229,27,Female,38338.0,13,3,3465.97,Monthly
230,41,Female,67574.0,17,4,4499.41,Quarterly
231,27,Female,27624.0,7,2,1400.67,Monthly
232,36,Male,18614.0,15,2,2580.67,Annual
233,34,Male,50280.0,3,2,2072.92,Monthly
234,27,Female,38975.0,44,4,3454.98,Monthly
235,55,Male,32745.0,28,5,4476.27,Annual
236,40,Male,53500.0,14,2,2283.63,Monthly
237,18,Male,,24,2,131.63,Quarterly
238,36,Female,38231.0,8,4,2505.34,Quarterly
239,27,Female,29636.0,27,0,4096.17,Quarterly
240,43,Male,55469.0,10,3,3645.16,Annual
241,26,Female,52802.0,10,0,3513.82,Annual
242,33,Male,43810.0,6,2,2664.01,Monthly
243,39,Male,67160.0,18,2,1465.16,Quarterly
244,43,Male,32159.0,14,1,3618.35,Quarterly
245,22,Male,26694.0,34,4,1998.86,Quarterly
246,31,Female,36697.0,5,5,5620.92,Monthly
247,29,Female,44453.0,18,1,3684.61,Quarterly
248,27,Female,47920.0,30,4,2303.22,Annual
249,52,Male,42105.0,15,0,2266.34,Annual
250,38,Male,49225.0,10,6,2888.47,Monthly
251,21,Male,29982.0,15,5,2712.6,Monthly
252,43,Female,62325.0,32,1,4340.2,Monthly
253,55,Male,44014.0,32,5,3223.7,Quarterly
254,44,Female,58408.0,12,1,2122.04,Quarterly
255,19,Female,49113.0,32,4,5268.53,Monthly
256,29,Female,50481.0,13,2,3059.17,Monthly
257,47,Female,51837.0,24,1,3922.61,Monthly
258,27,Female,50373.0,20,3,2270.13,Monthly
259,38,Female,52713.0,10,3,3435.74,Annual
260,42,Male,60950.0,6,6,3373.33,Quarterly
261,25,Male,47358.0,30,0,732.42,Monthly
262,33,Female,53508.0,36,3,5418.33,Monthly
263,18,Female,43923.0,18,5,4548.77,Monthly
264,24,Male,62281.0,13,1,2523.37,Annual
265,31,Female,36883.0,4,3,1677.28,Monthly
266,22,Female,66611.0,30,4,3417.07,Monthly
267,50,Male,44518.0,16,2,3104.04,Monthly
268,20,Female,27831.0,11,3,3426.8,Quarterly
269,30,Female,46537.0,25,7,3229.89,Quarterly
270,35,Female,36827.0,4,1,3607.49,Quarterly
271,48,Male,55088.0,5,3,4736.77,Monthly
272,20,Male,37169.0,7,3,3681.72,Monthly
273,46,Male,39646.0,19,1,1740.41,Monthly
274,34,Female,22326.0,15,1,4635.08,Quarterly
275,24,Female,39572.0,21,2,4968.74,Monthly
276,39,Male,15913.0,28,2,6782.47,Monthly
277,36,,25993.0,22,6,1651.81,Annual
278,28,Female,54125.0,44,1,3291.46,Annual
279,35,Female,54430.0,28,3,501.48,Monthly
280,30,Female,50105.0,12,3,3663.78,Monthly
281,35,Female,33396.0,9,4,2342.16,Monthly
282,41,Male,44427.0,12,2,5308.13,Quarterly
283,50,Female,44957.0,22,3,2070.46,Quarterly
284,22,Male,31100.0,9,4,972.98,Monthly
285,55,Female,63041.0,23,2,2434.48,Monthly
286,18,Male,55528.0,21,3,629.41,Quarterly
287,32,Female,42348.0,6,2,3901.32,Annual
288,40,Male,45323.0,28,4,521.9,Monthly
289,37,Female,47501.0,17,1,3034.15,Monthly
290,28,Male,20499.0,43,3,506.63,Monthly
291,32,Female,42034.0,13,5,2615.64,Monthly
292,29,Male,36816.0,10,2,4972.05,Annual
293,28,Female,32981.0,5,4,3432.78,Quarterly
294,42,Male,41627.0,5,2,1963.81,Quarterly
295,38,Male,66572.0,26,1,2962.56,Monthly
296,27,Female,52690.0,40,3,3021.62,Quarterly
297,43,Female,38146.0,12,4,3567.16,Monthly
298,37,Male,51871.0,12,7,1359.77,Monthly
299,42,Female,61792.0,14,4,3711.08,Monthly
300,40,Male,56096.0,29,6,0.0,Monthly
301,26,Male,45716.0,6,4,2244.14,Quarterly
302,28,Male,37237.0,16,1,2414.07,Monthly
303,41,Female,53379.0,26,1,3759.99,Monthly
304,40,Male,49722.0,19,7,3027.16,Monthly
305,34,Male,55742.0,0,4,1313.32,Monthly
306,35,Female,52622.0,22,3,1818.01,Monthly
307,47,Female,57595.0,19,3,3238.42,Monthly
308,28,Female,38577.0,33,3,2905.12,Quarterly
309,39,Female,60809.0,38,3,2305.05,Monthly
310,32,Male,47371.0,32,1,2423.0,Monthly
311,32,Male,69903.0,14,1,3835.4,Monthly
312,45,Male,36730.0,3,3,2378.77,Quarterly
313,42,Male,65832.0,12,0,2894.29,Monthly
314,42,Female,47375.0,14,3,5603.92,Monthly
315,47,Male,,40,3,1291.58,Monthly
316,34,Male,39193.0,7,0,777.79,Monthly
317,41,Female,41156.0,4,2,3940.31,Monthly
318,31,Male,50090.0,9,1,2185.63,Quarterly
319,37,Male,51274.0,7,2,2618.11,Quarterly
320,33,Male,38116.0,3,4,2062.61,Monthly
321,35,Male,44708.0,12,4,2688.24,Quarterly
322,40,Male,70707.0,14,1,4918.25,Quarterly
323,26,Male,65731.0,3,3,3962.55,Monthly
324,55,Female,50236.0,10,3,4034.67,Monthly
325,24,Female,,7,2,1300.53,Monthly
326,22,Male,46440.0,15,2,1618.62,Monthly
327,46,Male,52362.0,16,3,0.0,Quarterly
328,42,Female,32726.0,7,2,2028.74,Annual
329,40,Male,41911.0,28,3,4148.04,Annual
330,40,Male,24977.0,14,2,3620.34,Quarterly
331,34,Male,49791.0,7,1,2734.18,Monthly
332,25,Female,52766.0,3,0,2973.24,Monthly
333,35,Male,39202.0,16,3,2173.34,Quarterly
334,27,Female,63888.0,19,4,3245.71,Monthly
335,44,Male,30291.0,9,4,3919.05,Quarterly
336,33,Female,27428.0,15,3,1060.94,Quarterly
337,26,Female,47693.0,38,3,3359.58,Quarterly
338,31,Male,57565.0,25,6,4118.92,Quarterly
339,38,Female,65207.0,1,4,2501.88,Monthly
340,28,Male,39493.0,7,4,3840.84,Quarterly
341,26,Female,57944.0,12,5,6377.59,Annual
342,36,Male,44538.0,14,1,2874.79,Monthly
343,36,Male,42928.0,15,4,3471.97,Quarterly
344,29,Female,55604.0,18,2,2114.33,Monthly
345,29,Male,52828.0,12,4,3217.5,Annual
346,36,Male,26083.0,14,5,3552.33,Monthly
347,20,Female,62718.0,26,2,3233.81,Monthly
348,20,Male,,17,4,1776.37,Monthly
349,27,Male,,5,1,3247.63,Quarterly
350,32,Female,49750.0,14,2,4754.64,Monthly
351,37,Female,50928.0,12,4,3538.36,Monthly
352,49,Male,48128.0,2,1,4154.38,Monthly
353,43,Male,38396.0,15,1,2715.59,Annual
354,32,Female,36941.0,5,0,3899.88,Monthly
355,34,Female,44693.0,26,3,3335.12,Monthly
356,24,,59073.0,18,3,1858.91,Quarterly
357,34,Female,51523.0,4,4,3382.23,Monthly
358,31,Male,40553.0,25,2,1809.96,Annual
359,37,Male,54260.0,34,3,2240.54,Monthly
360,26,Male,10817.0,11,6,3227.19,Quarterly
361,39,Male,58785.0,12,2,3356.69,Monthly
362,49,Male,24123.0,24,2,1572.92,Monthly
363,33,Female,40651.0,32,2,4264.78,Quarterly
364,38,Female,31564.0,2,4,3686.41,Monthly
365,41,Female,29464.0,5,1,2154.33,Quarterly
366,30,Female,58930.0,10,4,1154.9,Monthly
367,36,Male,39388.0,10,3,2826.11,Monthly
368,34,Male,49158.0,23,3,2464.87,Monthly
369,35,Male,44437.0,32,5,3135.77,Annual
370,26,Male,50724.0,34,3,2564.26,Monthly
371,34,Female,45922.0,2,1,591.05,Monthly
372,39,Male,29604.0,7,1,2533.98,Monthly
373,49,Male,56955.0,8,3,2633.26,Monthly
374,44,Female,39075.0,7,5,3760.39,Monthly
375,56,Female,26321.0,18,4,2162.16,Annual
376,26,Female,39863.0,20,2,5014.41,Monthly
377,43,Female,63009.0,13,7,706.03,Annual
378,36,Male,55203.0,12,0,4573.4,Monthly
379,56,Male,40816.0,10,4,2730.82,Quarterly
380,26,Female,40809.0,11,2,4031.5,Annual
381,26,Male,41140.0,38,3,3095.76,Monthly
382,28,Male,69921.0,22,1,4367.47,Annual
383,18,Male,49583.0,10,3,2535.17,Monthly
384,29,Female,50160.0,12,1,1681.66,Annual
385,26,Male,57363.0,19,3,4704.61,Quarterly
386,36,Female,47865.0,4,6,2863.82,Monthly
387,37,Male,41891.0,15,3,3265.87,Monthly
388,53,Male,42644.0,21,2,4481.7,Monthly
389,44,Male,44141.0,19,1,1761.65,Monthly
390,28,Female,44553.0,7,4,3714.59,Monthly
391,25,Male,53732.0,8,4,2292.13,Monthly
392,39,Female,45623.0,2,3,2841.4,Monthly
393,21,Female,53792.0,23,1,3086.73,Quarterly
394,52,Female,44031.0,48,4,1199.73,Monthly
395,46,Male,45944.0,6,2,2065.4,Monthly
396,29,Male,21022.0,28,4,4621.29,Quarterly
397,18,Male,55996.0,46,1,4063.43,Monthly
398,48,,49158.0,9,5,2924.83,Monthly
399,33,Female,56976.0,12,3,3291.75,Monthly
400,46,Female,10245.0,16,1,2646.91,Annual
401,18,Female,70060.0,19,2,4627.9,Quarterly
402,28,Male,43325.0,17,1,2759.58,Monthly
403,34,Female,58298.0,10,5,3278.21,Quarterly
404,34,Male,32521.0,21,1,4375.24,Monthly
405,29,Female,52353.0,10,3,2067.15,Quarterly
406,40,Male,32359.0,18,2,4870.55,Quarterly
407,23,Male,37515.0,13,3,1163.45,Quarterly
408,33,Female,67968.0,2,2,4955.57,Monthly
409,35,Female,42712.0,31,5,2552.79,Monthly
410,39,Female,47609.0,8,4,2708.76,Monthly
411,41,Female,55441.0,33,5,731.99,Annual
412,23,Male,50948.0,27,2,2454.25,Monthly
413,19,Female,46805.0,16,3,1752.23,Quarterly
414,47,Female,,19,2,2270.82,Annual
415,37,Female,73841.0,21,1,2835.23,Monthly
416,27,Male,44309.0,11,3,4149.35,Quarterly
417,50,Male,47413.0,12,1,3249.12,Quarterly
418,35,Female,57608.0,20,7,3369.21,Annual
419,46,Male,58266.0,13,6,1685.38,Annual
420,35,Female,59244.0,10,3,1943.1,Quarterly
421,55,Male,52665.0,7,4,5158.47,Monthly
422,52,Male,,18,1,2117.76,Quarterly
423,32,Male,64601.0,8,1,4987.45,Monthly
424,44,Male,31244.0,24,2,2708.33,Quarterly
425,40,Female,48632.0,26,3,3002.75,Annual
426,48,Female,35949.0,19,3,4284.44,Monthly
427,24,Female,44230.0,22,1,4526.27,Quarterly
428,41,Male,48945.0,19,4,2867.02,Monthly
429,45,Female,48856.0,23,1,2534.11,Monthly
430,18,Female,50063.0,23,3,2932.9,Monthly
431,22,Female,64365.0,17,3,3405.55,Quarterly
432,18,Male,50442.0,28,1,4069.56,Annual
433,31,Male,42070.0,12,2,3005.08,Annual
434,41,Male,56569.0,7,4,3742.66,Monthly
435,49,Female,59274.0,7,2,4966.03,Annual
436,35,Female,30269.0,10,0,3457.57,Quarterly
437,50,Female,52169.0,2,4,3373.98,Monthly
438,20,Male,53414.0,16,0,1177.31,Monthly
439,18,,41429.0,21,2,0.0,Monthly
440,33,Female,61508.0,26,5,3466.05,Annual
441,38,Male,43199.0,3,1,2886.21,Quarterly
442,34,Male,46507.0,7,5,2382.26,Quarterly
443,18,Male,42923.0,24,4,3292.24,Monthly
444,33,Male,45187.0,11,4,2927.52,Quarterly
445,21,Female,31845.0,21,3,4353.34,Monthly
446,41,Male,27719.0,4,6,3103.33,Monthly
447,38,Male,64134.0,33,2,2103.69,Quarterly
448,25,Male,34836.0,4,4,4188.2,Monthly
449,29,Male,33103.0,15,2,2739.44,Quarterly
450,23,Female,19159.0,16,5,3631.84,Monthly
451,33,Female,37332.0,9,3,2427.11,Quarterly
452,44,Male,29123.0,19,3,2220.21,Monthly
453,24,Male,64704.0,19,3,3101.0,Monthly
454,39,Male,57118.0,18,1,3015.39,Monthly
455,29,Male,36742.0,9,3,3575.79,Monthly
456,26,Male,72029.0,7,6,2677.63,Annual
457,33,Male,56781.0,10,3,796.37,Monthly
458,24,Female,41102.0,7,1,2480.67,Quarterly
459,28,Male,,29,3,3952.58,Annual
460,22,Female,72491.0,10,3,2643.15,Monthly
461,54,Female,28325.0,15,2,2704.34,Monthly
462,34,,25255.0,24,3,4183.65,Quarterly
463,27,Female,57271.0,6,0,2145.63,Annual
464,36,Female,74277.0,4,8,1148.64,Annual
465,33,Female,61611.0,7,1,2807.24,Monthly
466,32,Female,51767.0,16,1,2418.99,Quarterly
467,40,Female,52137.0,15,3,1840.5,Monthly
468,42,Female,55241.0,18,2,2789.55,Annual
469,29,Male,54107.0,12,2,3589.81,Annual
470,28,Female,48374.0,1,3,2988.85,Monthly
471,31,Female,46250.0,12,4,3368.38,Monthly
472,18,Female,44249.0,26,3,5176.09,Monthly
473,19,Male,35952.0,31,7,2588.55,Monthly
474,48,Female,41632.0,14,3,3334.02,Quarterly
475,50,Male,24685.0,15,3,2388.94,Monthly
476,32,Female,43820.0,21,3,1984.37,Monthly
477,40,Male,33137.0,30,5,2298.11,Monthly
478,37,Male,,13,5,2425.49,Annual
479,65,Female,47159.0,21,4,3431.37,Quarterly
480,45,Female,61704.0,8,4,5818.89,Monthly
481,33,Male,56020.0,4,2,2140.75,Monthly
482,24,Female,26154.0,9,6,2500.05,Annual
483,18,Male,33124.0,35,3,2924.25,Quarterly
484,36,Male,56289.0,21,2,3474.96,Monthly
485,26,,33210.0,5,6,3316.26,Monthly
486,20,Male,42304.0,22,4,4540.91,Monthly
487,28,Male,51601.0,5,3,88.33,Monthly
488,23,Female,33380.0,18,3,135.68,Monthly
489,51,Male,46265.0,6,6,2404.95,Annual
490,43,Male,28992.0,4,4,4316.76,Monthly
491,34,Female,37784.0,39,2,1121.22,Quarterly
492,49,Male,48837.0,10,1,0.0,Monthly
493,35,Female,25884.0,21,3,3685.42,Quarterly
494,25,Female,50286.0,14,4,3292.39,Quarterly
495,49,Female,44764.0,5,5,1691.75,Monthly
496,39,Male,51630.0,11,6,1817.35,Monthly
497,24,Male,47687.0,5,2,1836.31,Quarterly
498,32,Male,61370.0,57,4,3132.64,Monthly
499,25,Female,46503.0,23,4,2248.42,Monthly
500,20,Male,39847.0,14,0,3592.88,Monthly
305,34,Male,55742.0,0,4,1313.32,Monthly
341,26,Female,57944.0,12,5,6377.59,Annual
48,45,Female,28120.0,18,3,2169.3,Monthly
68,44,Female,66749.0,4,4,874.72,Monthly
480,45,Female,61704.0,8,4,5818.89,Monthly
